{"cameraMode":{"drawMode":0,"name":"Shaded","section":"Shading Mode"},"sceneLighting":false,"audioPlay":false,"sceneViewState":{"showFog":true,"showMaterialUpdate":false,"showSkybox":true,"showFlares":true,"showImageEffects":true,"showParticleSystems":true},"in2DMode":false,"pivot":{"x":3.5256404876708986,"y":-1.4188398122787476,"z":7.233190536499023},"rotation":{"x":-0.2683410048484802,"y":-0.31691405177116396,"z":0.09400993585586548,"w":-0.9048318862915039},"size":17.46759796142578,"orthographic":false}