{"cameraMode":{"drawMode":0,"name":"Shaded","section":"Shading Mode"},"sceneLighting":false,"audioPlay":false,"sceneViewState":{"showFog":true,"showMaterialUpdate":false,"showSkybox":true,"showFlares":true,"showImageEffects":true,"showParticleSystems":true},"in2DMode":false,"pivot":{"x":9.789322853088379,"y":17.340587615966798,"z":6.198596477508545},"rotation":{"x":-0.07843928039073944,"y":0.8861714601516724,"z":-0.4267480969429016,"w":-0.1625838726758957},"size":65.67855834960938,"orthographic":false}