{"cameraMode":{"drawMode":0,"name":"Shaded","section":"Shading Mode"},"sceneLighting":false,"audioPlay":false,"sceneViewState":{"showFog":true,"showMaterialUpdate":false,"showSkybox":true,"showFlares":true,"showImageEffects":true,"showParticleSystems":true},"in2DMode":false,"pivot":{"x":10.669699668884278,"y":15.397056579589844,"z":5.4976911544799809},"rotation":{"x":-0.12186715006828308,"y":0.8766267895698547,"z":-0.3005698025226593,"w":-0.3554316759109497},"size":44.94475173950195,"orthographic":false}